event_id,stormdate,wfo,efscale,start_time,end_time,duration_minutes,measured_track_miles,total_track_miles_used,avg_speed_mph,crossing_index,crossing_distance_miles,crossing_fraction,crossing_time,boundary_from,boundary_to,crossing_lon,crossing_lat,review_flag
State Line,1456271100000,MOB,EF1,2016-02-23 05:45:00 PM CST,2016-02-23 05:47:00 PM CST,2.0,1.618,1.621,48.6,1,0.555,0.34202,2016-02-23 05:45:41 PM CST,Greene,Wayne,-88.527317,31.435828,
East Lamar / West Forrest,1483390320000,,EF1,2017-01-02 02:52:00 PM CST,2017-01-02 02:59:00 PM CST,7.0,8.381,8.41,72.1,1,6.574,0.78165,2017-01-02 02:57:28 PM CST,Lamar,Forrest,-89.348939,31.123221,
HattiesburgEF3,1484991240000,,EF3,2017-01-21 03:34:00 AM CST,2017-01-21 04:05:00 AM CST,31.0,24.141,24.17,46.8,1,9.926,0.41068,2017-01-21 03:46:43 AM CST,Lamar,Forrest,-89.347854,31.273756,
HattiesburgEF3,1484991240000,,EF3,2017-01-21 03:34:00 AM CST,2017-01-21 04:05:00 AM CST,31.0,24.141,24.17,46.8,2,24.17,1.0,2017-01-21 04:05:00 AM CST,Forrest,Perry,-89.146211,31.383979,LINKED_DAT_SEGMENT:Tallahala
444596,1486484400000,,EF2,2017-02-07 10:20:00 AM CST,2017-02-07 10:56:00 AM CST,36.0,23.107,23.14,38.6,1,21.084,0.91115,2017-02-07 10:52:48 AM CST,Tangipahoa,St. Tammany,-90.243744,30.387135,
Sumrall Tornado,1576538220000,,EF3,2019-12-16 05:17:00 PM CST,2019-12-16 05:25:00 PM CST,8.0,5.834,5.84,43.8,1,5.431,0.92996,2019-12-16 05:24:26 PM CST,Lamar,Covington,-89.500076,31.433955,
SARTINVILLE/JAYESS/SOCIETY HIL,1586724360000,,EF4,2020-04-12 03:46:00 PM CDT,2020-04-12 04:05:00 PM CDT,19.0,14.522,14.54,45.9,1,2.809,0.19322,2020-04-12 03:49:40 PM CDT,Lawrence,Marion,-90.040425,31.352203,
Jeff Davis-Clarke Tor,1586725860000,,EF4,2020-04-12 04:11:00 PM CDT,2020-04-12 05:28:00 PM CDT,77.0,67.965,68.09,53.1,1,63.119,0.92699,2020-04-12 05:22:22 PM CDT,Jasper,Clarke,-88.912446,32.013128,
Lawrence-Jasper Tor,1586727540000,,EF3,2020-04-12 04:39:00 PM CDT,2020-04-12 06:10:00 PM CDT,91.0,84.327,84.4,55.6,1,56.753,0.67242,2020-04-12 05:40:11 PM CDT,Smith,Jasper,-89.316825,31.827807,
898684,1587341520000,,EF4,2020-04-19 07:12:00 PM CDT,2020-04-19 08:13:00 PM CDT,61.0,47.251,47.39,46.6,1,16.673,0.35182,2020-04-19 07:33:27 PM CDT,Marion,Lamar,-89.653755,31.134832,
898684,1587341520000,,EF4,2020-04-19 07:12:00 PM CDT,2020-04-19 08:13:00 PM CDT,61.0,47.251,47.39,46.6,2,35.141,0.74153,2020-04-19 07:57:13 PM CDT,Lamar,Forrest,-89.348705,31.18328,
898684,1587341520000,,EF4,2020-04-19 07:12:00 PM CDT,2020-04-19 08:13:00 PM CDT,61.0,47.251,47.39,46.6,3,47.383,0.99985,2020-04-19 08:12:59 PM CDT,Forrest,Perry,-89.14555,31.212464,
906677,1588124880000,LIX,EF0,2020-04-28 08:48:00 PM CDT,2020-04-28 08:53:00 PM CDT,5.0,5.022,5.023,60.3,1,1.929,0.38406,2020-04-28 08:49:55 PM CDT,Jefferson,Plaquemines,-90.069674,29.760618,
Saraland,1630343940000,MOB,EF1,2021-08-30 12:19:00 PM CDT,2021-08-30 12:48:00 PM CDT,29.0,21.277,21.234,43.9,1,16.853,0.79365,2021-08-30 12:42:00 PM CDT,Mobile,Baldwin,-87.961035,31.004564,
Saraland,1630343940000,MOB,EF1,2021-08-30 12:19:00 PM CDT,2021-08-30 12:48:00 PM CDT,29.0,21.277,21.234,43.9,2,17.444,0.82148,2021-08-30 12:42:49 PM CDT,Baldwin,Mobile,-87.958545,31.012864,
Saraland,1630343940000,MOB,EF1,2021-08-30 12:19:00 PM CDT,2021-08-30 12:48:00 PM CDT,29.0,21.277,21.234,43.9,3,18.371,0.86515,2021-08-30 12:44:05 PM CDT,Mobile,Baldwin,-87.95457,31.025871,
Saraland,1630343940000,MOB,EF1,2021-08-30 12:19:00 PM CDT,2021-08-30 12:48:00 PM CDT,29.0,21.277,21.234,43.9,4,19.333,0.91045,2021-08-30 12:45:24 PM CDT,Baldwin,Mobile,-87.950259,31.03932,
Saraland,1630343940000,MOB,EF1,2021-08-30 12:19:00 PM CDT,2021-08-30 12:48:00 PM CDT,29.0,21.277,21.234,43.9,5,21.047,0.99116,2021-08-30 12:47:44 PM CDT,Mobile,Baldwin,-87.942573,31.063284,
Purvis Tornado,1648687440000,,EF0,2022-03-30 07:44:00 PM CDT,2022-03-30 07:52:00 PM CDT,8.0,7.299,7.295,54.7,1,5.111,0.70054,2022-03-30 07:49:36 PM CDT,Lamar,Forrest,-89.34856,31.201422,
McLain,1648691160000,MOB,EF2,2022-03-30 08:46:00 PM CDT,2022-03-30 08:49:00 PM CDT,3.0,2.091,2.093,41.9,1,0.424,0.20243,2022-03-30 08:46:36 PM CDT,Perry,Greene,-88.840984,31.097586,
Mobile River Delta,1686920340000,MOB,EF1,2023-06-16 07:59:00 AM CDT,2023-06-16 08:08:00 AM CDT,9.0,8.47,8.481,56.5,1,1.188,0.1401,2023-06-16 08:00:15 AM CDT,Mobile,Baldwin,-87.962155,31.011007,
Southfield,1630346640000,MOB,EF1,2021-08-30 01:04:00 PM CDT,2021-08-30 01:10:00 PM CDT,6.0,4.043,4.033,40.3,1,0.739,0.1831,2021-08-30 01:05:05 PM CDT,Clarke,Baldwin,-87.856685,31.215699,
Southfield,1630346640000,MOB,EF1,2021-08-30 01:04:00 PM CDT,2021-08-30 01:10:00 PM CDT,6.0,4.043,4.033,40.3,2,2.078,0.51515,2021-08-30 01:07:05 PM CDT,Baldwin,Clarke,-87.847614,31.2335,
Southfield,1630346640000,MOB,EF1,2021-08-30 01:04:00 PM CDT,2021-08-30 01:10:00 PM CDT,6.0,4.043,4.033,40.3,3,3.307,0.81981,2021-08-30 01:08:55 PM CDT,Clarke,Baldwin,-87.839627,31.249905,
Southfield,1630346640000,MOB,EF1,2021-08-30 01:04:00 PM CDT,2021-08-30 01:10:00 PM CDT,6.0,4.043,4.033,40.3,4,3.918,0.9714,2021-08-30 01:09:49 PM CDT,Baldwin,Clarke,-87.835313,31.25789,
"Huron-Magnolia, MS Tornado",1669790280000,LIX,EF1,2022-11-30 12:38:00 AM CST,2022-11-30 12:59:00 AM CST,21.0,12.399,12.437,35.5,1,6.028,0.48473,2022-11-30 12:48:10 AM CST,Pike,Amite,-90.547973,31.111549,
"North Slidell, LA Tornado",1712761380000,LIX,EF1,2024-04-10 10:03:00 AM CDT,2024-04-10 10:15:00 AM CDT,12.0,10.327,10.338,51.7,1,9.221,0.89204,2024-04-10 10:13:42 AM CDT,St. Tammany,Hancock,-89.630143,30.335223,
"Pearl River Basin, LA Tornado",1712761560000,LIX,EF2,2024-04-10 10:06:00 AM CDT,2024-04-10 10:15:00 AM CDT,9.0,7.961,7.974,53.2,1,7.01,0.87916,2024-04-10 10:13:54 AM CDT,St. Tammany,Hancock,-89.636602,30.345235,
Atchafalaya Tornado 2,1715643300000,"LCH,LIX",N/A,2024-05-13 06:35:00 PM CDT,2024-05-13 06:38:00 PM CDT,3.0,5.803,5.81,116.2,1,4.708,0.81028,2024-05-13 06:37:25 PM CDT,St. Martin,Iberville,-91.625193,30.336633,
"Gillsburg-Osyka, MS Tornado",1717538100000,LIX,EF1,2024-06-04 04:55:00 PM CDT,2024-06-04 05:11:00 PM CDT,16.0,16.108,16.155,60.6,1,8.483,0.5251,2024-06-04 05:03:24 PM CDT,Amite,Pike,-90.547697,31.022081,
"Smithdale-Auburn, MS Tornado",1576528440000,"JAN,LIX",EF3,2019-12-16 02:34:00 PM CST,2019-12-16 03:02:00 PM CST,28.0,19.915,19.94,42.7,1,19.94,1.0,2019-12-16 03:02:00 PM CST,Amite,Lincoln,-90.630755,31.349336,LINKED_DAT_SEGMENT:Amite-Lincoln County Tornado
Alford Lake Tornado,1735433280000,LIX,EF1,2024-12-28 06:48:00 PM CST,2024-12-28 06:53:00 PM CST,5.0,3.761,3.771,45.3,1,1.442,0.38236,2024-12-28 06:49:54 PM CST,Amite,Pike,-90.547697,31.035663,
"Mixon, MS Tornado",1735432920000,LIX,EF1,2024-12-28 06:42:00 PM CST,2024-12-28 06:53:00 PM CST,11.0,7.39,7.411,40.4,1,6.28,0.84738,2024-12-28 06:51:19 PM CST,Amite,Pike,-90.547962,31.106794,
Choctaw Bluff Tornado,1742089680000,MOB,EF1,2025-03-15 08:48:00 PM CDT,2025-03-15 09:05:00 PM CDT,17.0,14.015,14.026,49.5,1,11.887,0.84749,2025-03-15 09:02:24 PM CDT,Clarke,Monroe,-87.706954,31.399786,
Choctaw Bluff Tornado,1742089680000,MOB,EF1,2025-03-15 08:48:00 PM CDT,2025-03-15 09:05:00 PM CDT,17.0,14.015,14.026,49.5,2,12.359,0.88112,2025-03-15 09:02:58 PM CDT,Monroe,Clarke,-87.700491,31.403807,
Kentwood-Tylertown Tornado,1742059020000,"JAN,LIX",EF4,2025-03-15 12:17:00 PM CDT,2025-03-15 01:02:00 PM CDT,45.0,37.152,37.156,49.5,1,7.433,0.20005,2025-03-15 12:26:00 PM CDT,Tangipahoa,Pike,-90.38394,31.000102,
Pine Burr Tornado,1743420600000,JAN,EF2,2025-03-31 06:30:00 AM CDT,2025-03-31 06:47:00 AM CDT,17.0,7.39,7.407,26.1,1,5.305,0.71619,2025-03-31 06:42:10 AM CDT,Marion,Lamar,-89.65384,31.155962,
2391576,1587629040000,LIX,EF2,2020-04-23 03:04:00 AM CDT,2020-04-23 03:28:00 AM CDT,24.0,19.959,20.017,50.0,1,13.08,0.65344,2020-04-23 03:19:40 AM CDT,Amite,Pike,-90.548231,31.245048,
Hickory-Nicholson Tornado,1556986680000,LIX,EF1,2019-05-04 11:18:00 AM CDT,2019-05-04 11:25:00 AM CDT,7.0,4.542,4.542,38.9,1,3.535,0.77829,2019-05-04 11:23:26 AM CDT,St. Tammany,Pearl River,-89.72972,30.491791,
"Stoney Point, LA Tornado",1547911440000,LIX,EF1,2019-01-19 09:24:00 AM CST,2019-01-19 09:29:00 AM CST,5.0,1.649,1.652,19.8,1,0.736,0.44548,2019-01-19 09:26:13 AM CST,Tangipahoa,Washington,-90.293317,30.810891,
2514379,1576532340000,LIX,EF1,2019-12-16 03:39:00 PM CST,2019-12-16 03:42:00 PM CST,3.0,1.619,1.623,32.5,1,0.772,0.47586,2019-12-16 03:40:25 PM CST,Amite,Pike,-90.548193,31.331581,
2515172,1576532520000,LIX,EF1,2019-12-16 03:42:00 PM CST,2019-12-16 03:49:00 PM CST,7.0,4.197,4.198,36.0,1,3.488,0.83099,2019-12-16 03:47:49 PM CST,Tangipahoa,Washington,-90.315986,30.879698,
Folsom,1771137720000,LIX,EF1,2026-02-15 12:42:00 AM CST,2026-02-15 12:56:00 AM CST,14.0,9.256,9.276,39.8,1,2.705,0.29159,2026-02-15 12:46:04 AM CST,Tangipahoa,St. Tammany,-90.243351,30.594072,
Pike/Lincoln,1771134240000,"JAN,LIX",EF0,2026-02-14 11:44:00 PM CST,2026-02-14 11:46:00 PM CST,2.0,1.847,1.849,55.5,1,1.055,0.57081,2026-02-14 11:45:08 PM CST,Amite,Pike,-90.548194,31.342112,
Pike/Lincoln,1771134240000,"JAN,LIX",EF0,2026-02-14 11:44:00 PM CST,2026-02-14 11:46:00 PM CST,2.0,1.847,1.849,55.5,2,1.842,0.99636,2026-02-14 11:45:59 PM CST,Pike,Lincoln,-90.538095,31.349501,
Pike/Lincoln,1771134240000,"JAN,LIX",EF0,2026-02-14 11:44:00 PM CST,2026-02-14 11:46:00 PM CST,2.0,1.847,1.849,55.5,3,1.849,1.0,2026-02-14 11:46:00 PM CST,Pike,Lincoln,-90.538019,31.349564,LINKED_DAT_SEGMENT:Norfield Tornado
Lewistown,1773279480000,LIX,EF1,2026-03-11 08:38:00 PM CDT,2026-03-11 09:02:00 PM CDT,24.0,14.466,14.486,36.2,1,6.025,0.41588,2026-03-11 08:47:58 PM CDT,Tangipahoa,Washington,-90.316993,30.883764,
2600372,1578744660000,"LCH,LIX",EF2,2020-01-11 06:11:00 AM CST,2020-01-11 06:14:00 AM CST,3.0,1.165,1.164,23.3,1,1.164,1.0,2020-01-11 06:14:00 AM CST,St. Landry,Pointe Coupee,-91.753487,30.607519,LINKED_DAT_SEGMENT:2499582
Ruth Bristerville Tornado,1773277020000,JAN,EF1,2026-03-11 07:57:00 PM CDT,2026-03-11 08:08:00 PM CDT,11.0,10.485,10.523,57.4,1,8.558,0.81326,2026-03-11 08:05:56 PM CDT,Lincoln,Lawrence,-90.243963,31.377436,
Jayess Tornado,1773277440000,JAN,EF1,2026-03-11 08:04:00 PM CDT,2026-03-11 08:12:00 PM CDT,8.0,6.248,6.269,47.0,1,1.032,0.16461,2026-03-11 08:05:19 PM CDT,Lincoln,Lawrence,-90.243921,31.367385,
Garden City Lincoln Monticello,1778109720000,"JAN,LIX",EF3,2026-05-06 06:22:00 PM CDT,2026-05-06 08:31:00 PM CDT,129.0,81.619,81.88,38.1,1,73.874,0.90222,2026-05-06 08:18:23 PM CDT,Lincoln,Lawrence,-90.244537,31.525505,
"Avery Estates, LA Tornado",1781783400000,LIX,EF1,2026-06-18 06:50:00 AM CDT,2026-06-18 07:15:00 AM CDT,25.0,12.314,12.317,29.6,1,9.951,0.8079,2026-06-18 07:10:11 AM CDT,St. Tammany,Hancock,-89.631108,30.274396,
